{"baseline": [0.046575000000000054, 0.06199999999999989, 0.056424999999999774, 0.07362500000000004, 0.11400000000000036, 0.12162500000000023, 0.11239999999999994, 0.1322000000000002, 0.13502499999999948, 0.14150000000000038, 0.1947999999999999, 0.22359999999999972, 0.21592500000000023, 0.22060000000000046, 0.22619999999999946, 0.2290750000000002, 0.22620000000000035, 0.22502500000000022, 0.23812500000000023, 0.24820000000000061, 0.24532500000000063, 0.24772500000000058, 0.24550000000000052, 0.24837500000000023, 0.25090000000000046, 0.2502250000000002, 0.24760000000000046, 0.2505000000000004, 0.2436750000000006, 0.2453249999999992, 0.24850000000000047, 0.24600000000000008, 0.2511250000000003, 0.24960000000000002, 0.25, 0.2500000000000005, 0.2503999999999999, 0.24842500000000012, 0.24827500000000008, 0.24800000000000036], "model": [0.044919009337849786, 0.057770974794271124, 0.05563097568188301, 0.06791351158092594, 0.1005546317389044, 0.11098530111470523, 0.09074794815244715, 0.10936728005675565, 0.11602687226166651, 0.10814936441460583, 0.17428404676871026, 0.1934693074951586, 0.16763446241189148, 0.18775919201452598, 0.17697380093070755, 0.14983374248900394, 0.16003580925095295, 0.1627733270481673, 0.15527680076086156, 0.19434951699770056, 0.16809987688797492, 0.1508271325577517, 0.16537587475313376, 0.17785423936734038, 0.18916784450016397, 0.18373076023597612, 0.16268930475332863, 0.1737668352449758, 0.14039367351365173, 0.14862306879709944, 0.15103616923009655, 0.14653634720385283, 0.15172012179057368, 0.14665805650510658, 0.19782715356761899, 0.15625034952538439, 0.18421744852750152, 0.1706280487456135, 0.19758677308189804, 0.20258940355147328], "XGBOOST": [0.03170398996994635, 0.030619288244391498, 0.029536226602238785, 0.0297435885093652, 0.08843342598277815, 0.07015344035207052, 0.06363925930141122, 0.08144589542235053, 0.07694440658496904, 0.07054551161531039, 0.10439596377325487, 0.13170538365916992, 0.13528779077531736, 0.16993072197553452, 0.13593449822068232, 0.10586772761716913, 0.07676253777147579, 0.09882617163472719, 0.10121584474587605, 0.12224510304683354, 0.10877245502072361, 0.0576090483179749, 0.08933061678065041, 0.08470784480115533, 0.09820669448193207, 0.08312135637443144, 0.078992023572494, 0.08662991303343173, 0.07219640627483795, 0.09262153917533318, 0.09934588494527236, 0.07477207021681612, 0.09506869020355596, 0.078982815588512, 0.11891491344817233, 0.12073541451348035, 0.07443912544212862, 0.09132189219656311, 0.11012679078018053, 0.127604748422883], "model_single": [0.0466630962962331, 0.059163535297569146, 0.05518690894914169, 0.07049598222412601, 0.10463869338984022, 0.11555393904539422, 0.09666159599012815, 0.11147797640155009, 0.11951233599122471, 0.11638093120576189, 0.1734604618045503, 0.18576723431204933, 0.17666330859425036, 0.18865128053165756, 0.1881624498108851, 0.1565780441498319, 0.1613653299694284, 0.1617451280263315, 0.16458743437051748, 0.20072105152661862, 0.18456904182768802, 0.1700639602447868, 0.19073520205133984, 0.19508103342375807, 0.1984554738884321, 0.19126201274295196, 0.16889987440345558, 0.1744971611084072, 0.16248917621495562, 0.16263668661404615, 0.16599554256293644, 0.15900557316263578, 0.15357087954069062, 0.1552010868642476, 0.19374410816634352, 0.1815718575310245, 0.18999202114317246, 0.18993987068721382, 0.18899454556445114, 0.2009341540574544]}