{"baseline": [0.06760000000000012, 0.16680000000000023, 0.16599999999999962, 0.1795999999999999, 0.23949999999999963, 0.24970000000000003, 0.25039999999999973, 0.25022499999999964, 0.25209999999999994, 0.24850000000000003, 0.2416, 0.2454999999999998, 0.22999999999999993, 0.23582499999999987, 0.233125, 0.2435000000000002, 0.24492500000000048, 0.23880000000000018, 0.23199999999999996, 0.23199999999999998, 0.2148000000000004, 0.21392500000000034, 0.20132499999999987, 0.2022250000000004, 0.2067999999999997, 0.19732499999999983, 0.22359999999999958, 0.19712500000000016, 0.20629999999999993, 0.19052500000000028, 0.2176250000000003, 0.20612499999999986, 0.19279999999999986, 0.1770999999999999, 0.18442499999999984, 0.15880000000000014], "model": [0.07180814177458855, 0.16771991336005843, 0.17240215245241786, 0.16009914883074317, 0.21834739240608925, 0.19959929336473609, 0.18004994524813925, 0.1817136429664861, 0.20662432969200797, 0.19552781293306262, 0.1853267027601541, 0.18236904098955592, 0.17430322992007605, 0.17965319899337404, 0.18356098833204784, 0.17316782829220526, 0.17132097499542479, 0.1692091814013659, 0.1693095725595727, 0.16636065815269813, 0.1613468950493344, 0.15914703877566522, 0.15128265432341242, 0.15616731334083941, 0.1513258782081048, 0.15636802230996202, 0.17100330858722276, 0.1560959824086552, 0.1514732355360617, 0.14392865499279084, 0.16854483777523765, 0.16432342397081035, 0.15617186239358036, 0.1407037159951976, 0.14467250037689447, 0.12581739689641722], "XGBOOST": [0.0764510182303016, 0.1832317469767854, 0.22501227484221759, 0.16070069172816148, 0.20921735308616007, 0.20265225680489182, 0.1628165970601174, 0.15246346726814408, 0.22722570136224476, 0.22746015129458103, 0.18991717598382593, 0.18920588474865185, 0.12804402056798836, 0.1791978721776613, 0.15226805301792184, 0.18526631383691722, 0.1158108230360881, 0.13777023602599456, 0.09122580305868042, 0.1297907600909994, 0.13156959969083473, 0.14466440710506986, 0.11718238270806836, 0.15984385323591427, 0.2930786710238499, 0.229960506645657, 0.28241637690298377, 0.26124617866666144, 0.2740909566516984, 0.24770604849134203, 0.28532735082379984, 0.25404182011510157, 0.27417782369323446, 0.24559052088560065, 0.25945272787766327, 0.11110358669215184],
"model_full": [0.08089144314241574, 0.14750697231624357, 0.15828131483533603, 0.13950196691855352, 0.17457986780052415, 0.15991153667025018, 0.15787714142274906, 0.16856014234983963, 0.20237350028139728, 0.17690979262659806, 0.1621380903427383, 0.14392449316560949, 0.162442144513818, 0.16666302946311237, 0.19219282326102982, 0.1681584937163214, 0.15474097386146873, 0.15093901158897793, 0.13468888598937717, 0.12201866047502767, 0.15977902631410248, 0.15833956701187885, 0.16603037422645148, 0.1537648358651944, 0.13563974920066843, 0.13190977925220765, 0.1725915939142108, 0.1612614440615856, 0.1511711735999691, 0.1610954616583105, 0.14130108912668768, 0.14416284041642563, 0.16511388563554646, 0.12433774741950243, 0.14805718618706507, 0.10893983950865228],
"model_single": [0.07455031317406967, 0.1567023957204013, 0.16222234457248536, 0.15258378714068208, 0.19964933169758406, 0.1919375793793682, 0.18530567772064852, 0.19289562624077675, 0.19212481768523085, 0.20091926512311323, 0.18243228474961057, 0.18399725427409333, 0.17468751859800769, 0.1816639649001578, 0.18725000110223433, 0.18048962350745548, 0.17839777708460974, 0.1744862252638934, 0.17098119286264565, 0.16773779143809375, 0.16403742797932666, 0.16206183328544976, 0.15432758365999452, 0.16006552420454567, 0.1546685630531576, 0.15357733135539461, 0.17182813039581737, 0.1565063349340595, 0.153003549969883, 0.14344136479162484, 0.16792841538741027, 0.16671964736083283, 0.15586398922090308, 0.14103922220890402, 0.14427047038179663, 0.1260261695883185]}