{"baseline": [0.10810000000000008, 0.12290000000000012, 0.16010000000000013, 0.19329999999999994, 0.23050000000000012, 0.25450000000000017, 0.25049999999999983, 0.24960000000000016, 0.24889999999999987, 0.24200000000000013, 0.2531999999999998, 0.23439999999999991, 0.22970000000000002, 0.20450000000000004, 0.22400000000000003, 0.2307999999999999, 0.2465000000000001, 0.24370000000000003, 0.22800000000000004, 0.22400000000000006, 0.24199999999999997, 0.21009999999999995, 0.20799999999999993, 0.2017, 0.21009999999999993, 0.1827999999999999, 0.2201, 0.19280000000000008, 0.21040000000000003, 0.1924, 0.20249999999999993, 0.1948999999999999, 0.2125, 0.18239999999999998, 0.1948999999999999, 0.1828], 
"model": [0.06503812396994635, 0.1073846874690727, 0.17275134904529624, 0.15101455339948355, 0.20402995633986906, 0.24135377771015237, 0.20559522261851138, 0.2056383735011223, 0.22961806578622718, 0.23512769433805214, 0.2250724668862642, 0.23450659790699063, 0.2411316924647202, 0.2160557340125021, 0.26398429340516644, 0.21545899236972688, 0.19906562802238462, 0.22076073070368524, 0.1525392142702346, 0.22274333345543126, 0.16198405270980698, 0.23278939467250986, 0.28317227649707316, 0.2612190900728578, 0.2569509006899076, 0.27734929628924326, 0.1729719096003428, 0.1952532502972477, 0.2169116169328114, 0.23140551068569182, 0.1897648290321976, 0.19580702562687374, 0.19288301247050643, 0.14841748223016235, 0.15135703387235283, 0.15273630260010587], 
"XGBOOST": [0.045122115098726, 0.08090744972031161, 0.09623149099676041, 0.10198393381089915, 0.15330226900630933, 0.09684878601309692, 0.1303702591796916, 0.1779178304356583, 0.1386244861979347, 0.1520118199432676, 0.09230638726716656, 0.1405592047552608, 0.1530576896690593, 0.11312583279263208, 0.11540148221950063, 0.15027048017848302, 0.14664326460917437, 0.1520627880352049, 0.14344673150506423, 0.16542748011742334, 0.19127529871861043, 0.15706998896026902, 0.10025784619871558, 0.07154588064513405, 0.07172294961413173, 0.12278505658858194, 0.0922559407016746, 0.05914525999040052, 0.09782257856525121, 0.14653638392017457, 0.10404735102581981, 0.11032316406599421, 0.1299788324036399, 0.05690953129031527, 0.08669058801855499, 0.09575692722226904]}