{"baseline": [0.06760000000000012, 0.16680000000000023, 0.16599999999999962, 0.1795999999999999, 0.23949999999999963, 0.24970000000000003, 0.25039999999999973, 0.25022499999999964, 0.25209999999999994, 0.24850000000000003, 0.2416, 0.2454999999999998, 0.22999999999999993, 0.23582499999999987, 0.233125, 0.2435000000000002, 0.24492500000000048, 0.23880000000000018, 0.23199999999999996, 0.23199999999999998, 0.2148000000000004, 0.21392500000000034, 0.20132499999999987, 0.2022250000000004, 0.2067999999999997, 0.19732499999999983, 0.22359999999999958, 0.19712500000000016, 0.20629999999999993, 0.19052500000000028, 0.2176250000000003, 0.20612499999999986, 0.19279999999999986, 0.1770999999999999, 0.18442499999999984, 0.15880000000000014], "model": [0.07110298339698319, 0.16731698976902182, 0.1609704496802233, 0.14832320890674242, 0.21108508217796726, 0.19817055596293764, 0.18680848621536064, 0.18668434245020887, 0.20085147563848957, 0.1987709273278736, 0.18477384093802018, 0.18158661737324597, 0.17391981469080744, 0.1799383787352435, 0.18365614236483307, 0.1732530752893297, 0.1719633508583054, 0.16940981273366654, 0.16920036229321858, 0.16695943048851572, 0.161454938551718, 0.15869593754192154, 0.1508032567238339, 0.1568608453363232, 0.15266616214943501, 0.1561951877900374, 0.1706926799756775, 0.15589308050845416, 0.15089776340554675, 0.14433811365717977, 0.16857901836486178, 0.16410114698031708, 0.156345328939018, 0.14095373520806218, 0.14523277987441865, 0.12593321833652835], "XGBOOST": [0.08835481255642222, 0.16575819077064224, 0.21280929825715586, 0.1749263954613513, 0.20421917430510206, 0.16971226902940856, 0.16432430674801027, 0.15818270170629758, 0.21786871423149862, 0.20218064166102478, 0.15478715268287843, 0.16767315234306765, 0.13485966204555538, 0.10658414696537861, 0.14032861868254343, 0.12810429066962783, 0.10102149227774422, 0.12398186120995205, 0.0840063155740695, 0.1068180553953216, 0.12478803867503971, 0.12311281209717521, 0.11111130222866436, 0.18773260801253058, 0.06480244034855076, 0.07671797143639186, 0.12347518217449618, 0.09782299928660063, 0.07302443964342814, 0.09459792011942848, 0.11343745951846927, 0.12265598647410268, 0.10335942549385284, 0.10657703742897201, 0.1295350782853416, 0.11110358669215184],
"model_full": [0.08089144314241574, 0.14750697231624357, 0.15828131483533603, 0.13950196691855352, 0.17457986780052415, 0.15991153667025018, 0.15787714142274906, 0.16856014234983963, 0.20237350028139728, 0.17690979262659806, 0.1621380903427383, 0.14392449316560949, 0.162442144513818, 0.16666302946311237, 0.19219282326102982, 0.1681584937163214, 0.15474097386146873, 0.15093901158897793, 0.13468888598937717, 0.12201866047502767, 0.15977902631410248, 0.15833956701187885, 0.16603037422645148, 0.1537648358651944, 0.13563974920066843, 0.13190977925220765, 0.1725915939142108, 0.1612614440615856, 0.1511711735999691, 0.1610954616583105, 0.14130108912668768, 0.14416284041642563, 0.16511388563554646, 0.12433774741950243, 0.14805718618706507, 0.10893983950865228],
"model_single": [0.07455031317406967, 0.1567023957204013, 0.16222234457248536, 0.15258378714068208, 0.19964933169758406, 0.1919375793793682, 0.18530567772064852, 0.19289562624077675, 0.19212481768523085, 0.20091926512311323, 0.18243228474961057, 0.18399725427409333, 0.17468751859800769, 0.1816639649001578, 0.18725000110223433, 0.18048962350745548, 0.17839777708460974, 0.1744862252638934, 0.17098119286264565, 0.16773779143809375, 0.16403742797932666, 0.16206183328544976, 0.15432758365999452, 0.16006552420454567, 0.1546685630531576, 0.15357733135539461, 0.17182813039581737, 0.1565063349340595, 0.153003549969883, 0.14344136479162484, 0.16792841538741027, 0.16671964736083283, 0.15586398922090308, 0.14103922220890402, 0.14427047038179663, 0.1260261695883185] 
}