{"baseline": [0.06512500000000013, 0.12042499999999985, 0.16839999999999994, 0.20589999999999978, 0.2283999999999999, 0.24062499999999973, 0.24360000000000018, 0.247825, 0.25149999999999995, 0.25262500000000054, 0.2487249999999999, 0.25199999999999967, 0.25052499999999966, 0.2496250000000005, 0.25240000000000007, 0.24760000000000001, 0.25560000000000016, 0.24762500000000048, 0.25, 0.24610000000000018, 0.24632500000000046, 0.24902499999999989, 0.24839999999999976, 0.24520000000000017, 0.24649999999999966, 0.24280000000000002, 0.228, 0.24122499999999983, 0.24002499999999977, 0.24392499999999978, 0.23130000000000026, 0.243125, 0.23582499999999978, 0.22232499999999986, 0.22172499999999973, 0.23050000000000018, 0.240625, 0.22199999999999992, 0.21639999999999993, 0.2217250000000004], 
"model_single": [0.06443214381945438, 0.11553127594423128, 0.14328393468505046, 0.1737083866248381, 0.18185336433298482, 0.21125053194300233, 0.19876480891138257, 0.1906997415631745, 0.18275286967079443, 0.17303430986103396, 0.1807660503561679, 0.19026061420559995, 0.18184043567494837, 0.18372531726732702, 0.17103341669318836, 0.18839727800906772, 0.19682940734885956, 0.16046700199232977, 0.15899068224860133, 0.15129069154650718, 0.17109740701660958, 0.16529104688343688, 0.16863705703180987, 0.16723809785524715, 0.17537878830489653, 0.1580167183317102, 0.17100516742913344, 0.17318053580529777, 0.16845622391337942, 0.16091150371429808, 0.13520734831301337, 0.15000190161262297, 0.14796828236216872, 0.15431615452061861, 0.14408747351389398, 0.1697289706399527, 0.14817629062569368, 0.15989554879125703, 0.15917846817366696, 0.15058773269855005],
"model": [0.06858932005914863, 0.1185131235618761, 0.13586729890831353, 0.17146057877793972, 0.17940042667102774, 0.2220915861376849, 0.20424755912246054, 0.16171217207539787, 0.18209759205571377, 0.15916293149326846, 0.16774404665111742, 0.199386869249755, 0.19386171535300764, 0.1714674865352804, 0.17291572410577646, 0.20234619860959743, 0.21327632697499133, 0.152573666975271, 0.17492324138693796, 0.17021908551351722, 0.17493284446472224, 0.16582792463560303, 0.17234456202645615, 0.16779493647410199, 0.1787133839094892, 0.17709824416893363, 0.19741780678590837, 0.18980993271901128, 0.15937469478184496, 0.1496641529771798, 0.14035033140968364, 0.14640169453562366, 0.15138557999625277, 0.17466312756049335, 0.1560328681391961, 0.17659065179134412, 0.14096686236255143, 0.1545270615527347, 0.19365509400072015, 0.14091219798288904], 
"XGBOOST": [0.03879572964005121, 0.10130678914888507, 0.10414685908386641, 0.1344434979986189, 0.19057037392338033, 0.1656481802055008, 0.1543037565266649, 0.08242888820217267, 0.1313094670588419, 0.15096106172306714, 0.047788469353604465, 0.06909836087169254, 0.08865609168834754, 0.0981651998092768, 0.06998820181564326, 0.05049746415788636, 0.07396135046810344, 0.11233944118489454, 0.11548232150375747, 0.10408075982335767, 0.07592091753290305, 0.08038204367285197, 0.10821111133758762, 0.12054998218579656, 0.08518187760560834, 0.09439831462959347, 0.08564801209169234, 0.09024597291280913, 0.08983699762417519, 0.08567324728724404, 0.08007277200517209, 0.07949072925560124, 0.11197857891982498, 0.06473033810510082, 0.050693193815751166, 0.09926163943473114, 0.06172609414323045, 0.08535340540954618, 0.10067161022452722, 0.11844502698064886]
}