{"baseline": [0.06512500000000013, 0.12042499999999985, 0.16839999999999994, 0.20589999999999978, 0.2283999999999999, 0.24062499999999973, 0.24360000000000018, 0.247825, 0.25149999999999995, 0.25262500000000054, 0.2487249999999999, 0.25199999999999967, 0.25052499999999966, 0.2496250000000005, 0.25240000000000007, 0.24760000000000001, 0.25560000000000016, 0.24762500000000048, 0.25, 0.24610000000000018, 0.24632500000000046, 0.24902499999999989, 0.24839999999999976, 0.24520000000000017, 0.24649999999999966, 0.24280000000000002, 0.228, 0.24122499999999983, 0.24002499999999977, 0.24392499999999978, 0.23130000000000026, 0.243125, 0.23582499999999978, 0.22232499999999986, 0.22172499999999973, 0.23050000000000018, 0.240625, 0.22199999999999992, 0.21639999999999993, 0.2217250000000004], "model": [0.067516883506162, 0.11677508643479378, 0.13599148356651064, 0.17058122777962287, 0.17805792392602057, 0.2219587502775824, 0.20364989703115874, 0.16269171951898076, 0.1831631823139698, 0.16129026612191028, 0.16942260899137224, 0.2032103800436248, 0.19940087803134585, 0.17156764842833813, 0.1734112064610299, 0.20332515126672082, 0.21327520202261263, 0.1547568430065998, 0.17618896982601165, 0.17333367743446002, 0.17526963627111655, 0.16603664696503068, 0.17105341058467577, 0.17124023824150175, 0.17995004386612365, 0.18002826161282287, 0.1998733079794326, 0.19445709266969632, 0.16796526287205393, 0.15786737938912218, 0.1584794419652744, 0.15412495805478713, 0.16632544595292398, 0.18697851903720433, 0.17728617184707074, 0.18862728843400997, 0.17164168439398933, 0.17180099479821506, 0.21130922116820366, 0.14997829441570143], "XGBOOST": [0.06346645633975168, 0.15337861078339188, 0.16773676303287602, 0.20549074572426293, 0.23734314458613667, 0.20374349324037433, 0.2045133580426895, 0.14775471629595133, 0.17609126354554577, 0.18593426919680656, 0.16075907061097652, 0.1676329035717302, 0.14317618977516222, 0.1326349339080457, 0.11208613364452859, 0.135075351148665, 0.14140733810355585, 0.20279012007366923, 0.15509185382488383, 0.11988342936142644, 0.1412981455416913, 0.1419125512858596, 0.11389378761923695, 0.12996377838607032, 0.08742367989268644, 0.0964547678931496, 0.15740953349615894, 0.1262390896287259, 0.11565130719211016, 0.1097214495003766, 0.09129612867078013, 0.10106888048229547, 0.06745599678168816, 0.09882858869091564, 0.08480058366433753, 0.15781294568079687, 0.11223341382041699, 0.1577902275260654, 0.15655349306485464, 0.0972736181911036], "model_full": [0.06752093817475362, 0.11762103892673555, 0.13509036397717336, 0.16943980122171773, 0.17249841290991466, 0.2054641843473618, 0.21023951073451355, 0.17433402461806588, 0.1800684354153791, 0.16069624064591329, 0.16696784237900686, 0.18729389575896224, 0.1782684052679235, 0.1698368572732767, 0.1603150506032098, 0.18552808036202312, 0.1966286722140638, 0.14801717213763513, 0.15316440829240616, 0.13541313686752968, 0.15392669350247135, 0.14847591755140946, 0.15127220726988083, 0.15085272612350534, 0.16536446194533025, 0.14744456812652385, 0.1714324314040235, 0.16600274313958327, 0.1510590149942316, 0.13879998392608506, 0.12530488038389317, 0.13515835324745512, 0.13915600637451875, 0.15263869895108317, 0.1437148732068131, 0.14648224790811012, 0.1330954437831299, 0.1495893904944111, 0.1616465320593041, 0.13803800249631687], "model_single": [0.06443214381945438, 0.11553127594423128, 0.14328393468505046, 0.1737083866248381, 0.18185336433298482, 0.21125053194300233, 0.19876480891138257, 0.1906997415631745, 0.18275286967079443, 0.17303430986103396, 0.1807660503561679, 0.19026061420559995, 0.18184043567494837, 0.18372531726732702, 0.17103341669318836, 0.18839727800906772, 0.19682940734885956, 0.16046700199232977, 0.15899068224860133, 0.15129069154650718, 0.17109740701660958, 0.16529104688343688, 0.16863705703180987, 0.16723809785524715, 0.17537878830489653, 0.1580167183317102, 0.17100516742913344, 0.17318053580529777, 0.16845622391337942, 0.16091150371429808, 0.13520734831301337, 0.15000190161262297, 0.14796828236216872, 0.15431615452061861, 0.14408747351389398, 0.1697289706399527, 0.14817629062569368, 0.15989554879125703, 0.15917846817366696, 0.15058773269855005]}