{"baseline": [0.06512500000000013, 0.12042499999999985, 0.16839999999999994, 0.20589999999999978, 0.2283999999999999, 0.24062499999999973, 0.24360000000000018, 0.247825, 0.25149999999999995, 0.25262500000000054, 0.2487249999999999, 0.25199999999999967, 0.25052499999999966, 0.2496250000000005, 0.25240000000000007, 0.24760000000000001, 0.25560000000000016, 0.24762500000000048, 0.25, 0.24610000000000018, 0.24632500000000046, 0.24902499999999989, 0.24839999999999976, 0.24520000000000017, 0.24649999999999966, 0.24280000000000002, 0.228, 0.24122499999999983, 0.24002499999999977, 0.24392499999999978, 0.23130000000000026, 0.243125, 0.23582499999999978, 0.22232499999999986, 0.22172499999999973, 0.23050000000000018, 0.240625, 0.22199999999999992, 0.21639999999999993, 0.2217250000000004], 
"model": [0.06862660696083121, 0.043930122543399425, 0.11895163185220853, 0.1596631175974192, 0.1939551747243215, 0.21819513066782611, 0.2254811995913319, 0.21183527195329482, 0.21602522094880286, 0.17255654698638048, 0.1678500828958293, 0.19970437206440575, 0.20480764675440685, 0.20288929979350032, 0.18432376303409212, 0.19547232904731396, 0.18802716269612393, 0.19955716847883337, 0.21232936358078935, 0.1798354363206873, 0.2436103489311103, 0.21533288850777027, 0.195447799950995, 0.1641720038142154, 0.20869818691740868, 0.21518472015219647, 0.19659525896203192, 0.17794983829978314, 0.18627193492037328, 0.19594970288420213, 0.21771912457141093, 0.2186122639728089, 0.19619910611298688, 0.2131746844663826, 0.20363266704763358, 0.19536633723686903, 0.19538779246625673, 0.20412621580290324, 0.20192837262041946, 0.22245956976959821], 
"XGBOOST": [0.03879572964005121, 0.10130678914888507, 0.10414685908386641, 0.1344434979986189, 0.19057037392338033, 0.1656481802055008, 0.1543037565266649, 0.08242888820217267, 0.1313094670588419, 0.15096106172306714, 0.047788469353604465, 0.06909836087169254, 0.08865609168834754, 0.0981651998092768, 0.06998820181564326, 0.05049746415788636, 0.07396135046810344, 0.11233944118489454, 0.11548232150375747, 0.10408075982335767, 0.07592091753290305, 0.08038204367285197, 0.10821111133758762, 0.12054998218579656, 0.08518187760560834, 0.09439831462959347, 0.08564801209169234, 0.09024597291280913, 0.08983699762417519, 0.08567324728724404, 0.08007277200517209, 0.07949072925560124, 0.11197857891982498, 0.06473033810510082, 0.050693193815751166, 0.09926163943473114, 0.06172609414323045, 0.08535340540954618, 0.10067161022452722, 0.11844502698064886], 
"model_full": [0.06752093817475362, 0.11762103892673555, 0.13509036397717336, 0.16943980122171773, 0.17249841290991466, 0.2054641843473618, 0.21023951073451355, 0.17433402461806588, 0.1800684354153791, 0.16069624064591329, 0.16696784237900686, 0.18729389575896224, 0.1782684052679235, 0.1698368572732767, 0.1603150506032098, 0.18552808036202312, 0.1966286722140638, 0.14801717213763513, 0.15316440829240616, 0.13541313686752968, 0.15392669350247135, 0.14847591755140946, 0.15127220726988083, 0.15085272612350534, 0.16536446194533025, 0.14744456812652385, 0.1714324314040235, 0.16600274313958327, 0.1510590149942316, 0.13879998392608506, 0.12530488038389317, 0.13515835324745512, 0.13915600637451875, 0.15263869895108317, 0.1437148732068131, 0.14648224790811012, 0.1330954437831299, 0.1495893904944111, 0.1616465320593041, 0.13803800249631687],
"model_single": [0.06443214381945438, 0.11553127594423128, 0.14328393468505046, 0.1737083866248381, 0.18185336433298482, 0.21125053194300233, 0.19876480891138257, 0.1906997415631745, 0.18275286967079443, 0.17303430986103396, 0.1807660503561679, 0.19026061420559995, 0.18184043567494837, 0.18372531726732702, 0.17103341669318836, 0.18839727800906772, 0.19682940734885956, 0.16046700199232977, 0.15899068224860133, 0.15129069154650718, 0.17109740701660958, 0.16529104688343688, 0.16863705703180987, 0.16723809785524715, 0.17537878830489653, 0.1580167183317102, 0.17100516742913344, 0.17318053580529777, 0.16845622391337942, 0.16091150371429808, 0.13520734831301337, 0.15000190161262297, 0.14796828236216872, 0.15431615452061861, 0.14408747351389398, 0.1697289706399527, 0.14817629062569368, 0.15989554879125703, 0.15917846817366696, 0.15058773269855005]}