{"baseline": [0.06519999999999972, 0.05559999999999989, 0.1511000000000001, 0.17410000000000017, 0.2164, 0.2435, 0.24799999999999972, 0.24440000000000017, 0.24520000000000003, 0.25, 0.25, 0.24849999999999997, 0.24750000000000005, 0.2516999999999999, 0.23720000000000013, 0.25189999999999985, 0.25, 0.24999999999999975, 0.25150000000000006, 0.24829999999999977, 0.2515999999999997, 0.25, 0.24919999999999978, 0.2511999999999997, 0.2509, 0.2394999999999998, 0.24520000000000008, 0.24549999999999997, 0.24970000000000003, 0.24229999999999988, 0.2449000000000001, 0.24649999999999986, 0.2404000000000001, 0.24040000000000006, 0.23079999999999973, 0.2394999999999998, 0.23080000000000006, 0.2380999999999999, 0.2388000000000002, 0.22599999999999995], "model": [0.06862660696083121, 0.043930122543399425, 0.11895163185220853, 0.1596631175974192, 0.1939551747243215, 0.21819513066782611, 0.2254811995913319, 0.21183527195329482, 0.21602522094880286, 0.17255654698638048, 0.1678500828958293, 0.19970437206440575, 0.20480764675440685, 0.20288929979350032, 0.18432376303409212, 0.19547232904731396, 0.18802716269612393, 0.19955716847883337, 0.21232936358078935, 0.1798354363206873, 0.2436103489311103, 0.21533288850777027, 0.195447799950995, 0.1641720038142154, 0.20869818691740868, 0.21518472015219647, 0.19659525896203192, 0.17794983829978314, 0.18627193492037328, 0.19594970288420213, 0.21771912457141093, 0.2186122639728089, 0.19619910611298688, 0.2131746844663826, 0.20363266704763358, 0.19536633723686903, 0.19538779246625673, 0.20412621580290324, 0.20192837262041946, 0.22245956976959821], "XGBOOST": [0.04015035447063383, 0.0478828680950005, 0.07601055385448717, 0.14938137341882565, 0.1813341670320682, 0.130833545349492, 0.12956518235101355, 0.0710021446688944, 0.11305111302053092, 0.13542653900098864, 0.11104055810369573, 0.09934903697573909, 0.12398753772116493, 0.08687894477799432, 0.1133628132054028, 0.1181561565160564, 0.0916863730438854, 0.08259867278356098, 0.12043571339758018, 0.09399809130191443, 0.12125288550880214, 0.12183476716115917, 0.15243857455144963, 0.133809143523348, 0.0618810654069614, 0.1258773061797683, 0.10365611381617555, 0.07323659529648538, 0.1315422842130164, 0.0884991696077267, 0.14589850508747362, 0.0831081511229462, 0.11214755156992595, 0.09500294361830157, 0.09689783053509388, 0.08366084269362176, 0.09996207788222393, 0.11929359801644808, 0.14070792700497406, 0.08993986503049481]}