{"baseline": [0.06512500000000013, 0.12042499999999985, 0.16839999999999994, 0.20589999999999978, 0.2283999999999999, 0.24062499999999973, 0.24360000000000018, 0.247825, 0.25149999999999995, 0.25262500000000054, 0.2487249999999999, 0.25199999999999967, 0.25052499999999966, 0.2496250000000005, 0.25240000000000007, 0.24760000000000001, 0.25560000000000016, 0.24762500000000048, 0.25, 0.24610000000000018, 0.24632500000000046, 0.24902499999999989, 0.24839999999999976, 0.24520000000000017, 0.24649999999999966, 0.24280000000000002, 0.228, 0.24122499999999983, 0.24002499999999977, 0.24392499999999978, 0.23130000000000026, 0.243125, 0.23582499999999978, 0.22232499999999986, 0.22172499999999973, 0.23050000000000018, 0.240625, 0.22199999999999992, 0.21639999999999993, 0.2217250000000004], 
"model": [0.06443214381945438, 0.11553127594423128, 0.14328393468505046, 0.1737083866248381, 0.18185336433298482, 0.21125053194300233, 0.19876480891138257, 0.1906997415631745, 0.18275286967079443, 0.17303430986103396, 0.1807660503561679, 0.19026061420559995, 0.18184043567494837, 0.18372531726732702, 0.17103341669318836, 0.18839727800906772, 0.19682940734885956, 0.16046700199232977, 0.15899068224860133, 0.15129069154650718, 0.17109740701660958, 0.16529104688343688, 0.16863705703180987, 0.16723809785524715, 0.17537878830489653, 0.1580167183317102, 0.17100516742913344, 0.17318053580529777, 0.16845622391337942, 0.16091150371429808, 0.13520734831301337, 0.15000190161262297, 0.14796828236216872, 0.15431615452061861, 0.14408747351389398, 0.1697289706399527, 0.14817629062569368, 0.15989554879125703, 0.15917846817366696, 0.15058773269855005]}