{"baseline": [0.10810000000000008, 0.12290000000000012, 0.16010000000000013, 0.19329999999999994, 0.23050000000000012, 0.25450000000000017, 0.25049999999999983, 0.24960000000000016, 0.24889999999999987, 0.24200000000000013, 0.2531999999999998, 0.23439999999999991, 0.22970000000000002, 0.20450000000000004, 0.22400000000000003, 0.2307999999999999, 0.2465000000000001, 0.24370000000000003, 0.22800000000000004, 0.22400000000000006, 0.24199999999999997, 0.21009999999999995, 0.20799999999999993, 0.2017, 0.21009999999999993, 0.1827999999999999, 0.2201, 0.19280000000000008, 0.21040000000000003, 0.1924, 0.20249999999999993, 0.1948999999999999, 0.2125, 0.18239999999999998, 0.1948999999999999, 0.1828], 
"model_single": [0.07376547901875996, 0.11132153782173689, 0.1583432040867762, 0.15334196171463038, 0.2160476581486039, 0.28743214296823294, 0.16030478235660994, 0.20410415640907012, 0.20321052813501705, 0.1966263158308206, 0.19462497271646292, 0.19355917248651555, 0.22416560415613107, 0.16703074573795357, 0.19074242707210626, 0.18220669595341119, 0.17730520895088112, 0.18745096658469929, 0.1459383306197519, 0.17674524870925054, 0.20158625351577691, 0.16417660072090137, 0.22537670621373643, 0.16938172603248158, 0.1556704413547167, 0.15227494089938368, 0.17967920041702365, 0.1562345936888351, 0.17222021335801604, 0.18176873485706632, 0.1664037882733336, 0.1598346253897217, 0.1808775020289941, 0.15065704042791916, 0.15086514106603352, 0.14617924790982972],
"model" : [0.09829301964164254, 0.09421075253177309, 0.15518639467795403, 0.1630524082838182, 0.18284478116866118, 0.19991077246745295, 0.21251105656517685, 0.18631449437044365, 0.21374116552585856, 0.21636489773451512, 0.23848648264017963, 0.21344409159360095, 0.20908680560507997, 0.20927015537410387, 0.22016877084493325, 0.2249022926634987, 0.19447028866528168, 0.23047848310763605, 0.1610016079765913, 0.22527881058721044, 0.17528588999543843, 0.25613786478768363, 0.299474506805098, 0.26281731875342773, 0.261472176373513, 0.25486464296028427, 0.1699340538568887, 0.1901853704523328, 0.21167322628175028, 0.23636824955840363, 0.1890906083354909, 0.18478288040266552, 0.18563918308625824, 0.14623783022691503, 0.14368619191467763, 0.14492176457983827],
"XGBOOST": [0.045122115098726, 0.08090744972031161, 0.09623149099676041, 0.10198393381089915, 0.15330226900630933, 0.09684878601309692, 0.1303702591796916, 0.1779178304356583, 0.1386244861979347, 0.1520118199432676, 0.09230638726716656, 0.1405592047552608, 0.1530576896690593, 0.11312583279263208, 0.11540148221950063, 0.15027048017848302, 0.14664326460917437, 0.1520627880352049, 0.14344673150506423, 0.16542748011742334, 0.19127529871861043, 0.15706998896026902, 0.10025784619871558, 0.07154588064513405, 0.07172294961413173, 0.12278505658858194, 0.0922559407016746, 0.05914525999040052, 0.09782257856525121, 0.14653638392017457, 0.10404735102581981, 0.11032316406599421, 0.1299788324036399, 0.05690953129031527, 0.08669058801855499, 0.09575692722226904]
}