initial_evaluation_success_rate,accuracy,false_positive_rate,false_negative_rate,brier_score,baseline_brier_score,baseline_accuracy,baseline_accuracy_variance,baseline_FP,baseline_FN
0.345,0.775,0.05185185185185185,0.5846153846153846,0.1790315391040157,0.219375,0.563265,0.001114364775,0.32361481481481486,0.671676923076923
0.645,0.785,0.4406779661016949,0.12056737588652482,0.15051815238161473,0.207975,0.58221,0.0009401159000000002,0.7053728813559322,0.2974539007092199
0.79,0.885,0.3684210526315789,0.05555555555555555,0.10009501088827295,0.1539,0.6924000000000001,0.00074744,0.8067105263157894,0.1905246913580247
0.84,0.865,0.7083333333333334,0.056818181818181816,0.09593298215497612,0.1056,0.787515,0.0005370497749999999,0.8827083333333332,0.1210909090909091
0.27,0.62,0.06481481481481481,0.75,0.25438163651587,0.24839999999999995,0.502475,0.0012343993750000006,0.45905555555555555,0.5426847826086957
0.51,0.72,0.4666666666666667,0.07368421052631578,0.18837999569639852,0.24937499999999996,0.498795,0.0012153729750000002,0.4755333333333334,0.529578947368421
0.2,0.94,0.0,0.6666666666666666,0.07696817705275615,0.08190000000000001,0.836735,0.0003974147749999998,0.08951648351648353,0.9089444444444446
0.205,0.825,0.03067484662576687,0.8108108108108109,0.12345265358866163,0.150775,0.698625,0.0007317843750000001,0.18490797546012272,0.8144594594594594
0.805,0.33999999999999997,0.7428571428571429,0.08,0.35886495382238387,0.109375,0.7806649999999999,0.000504732775,0.12557142857142858,0.87568