{"baseline": [], "model": [], "XGBOOST": [], "model_full": [0.08089144314241574, 0.14750697231624357, 0.15828131483533603, 0.13950196691855352, 0.17457986780052415, 0.15991153667025018, 0.15787714142274906, 0.16856014234983963, 0.20237350028139728, 0.17690979262659806, 0.1621380903427383, 0.14392449316560949, 0.162442144513818, 0.16666302946311237, 0.19219282326102982, 0.1681584937163214, 0.15474097386146873, 0.15093901158897793, 0.13468888598937717, 0.12201866047502767, 0.15977902631410248, 0.15833956701187885, 0.16603037422645148, 0.1537648358651944, 0.13563974920066843, 0.13190977925220765, 0.1725915939142108, 0.1612614440615856, 0.1511711735999691, 0.1610954616583105, 0.14130108912668768, 0.14416284041642563, 0.16511388563554646, 0.12433774741950243, 0.14805718618706507, 0.10893983950865228], "model_single": [0.07455031317406967, 0.1567023957204013, 0.16222234457248536, 0.15258378714068208, 0.19964933169758406, 0.1919375793793682, 0.18530567772064852, 0.19289562624077675, 0.19212481768523085, 0.20091926512311323, 0.18243228474961057, 0.18399725427409333, 0.17468751859800769, 0.1816639649001578, 0.18725000110223433, 0.18048962350745548, 0.17839777708460974, 0.1744862252638934, 0.17098119286264565, 0.16773779143809375, 0.16403742797932666, 0.16206183328544976, 0.15432758365999452, 0.16006552420454567, 0.1546685630531576, 0.15357733135539461, 0.17182813039581737, 0.1565063349340595, 0.153003549969883, 0.14344136479162484, 0.16792841538741027, 0.16671964736083283, 0.15586398922090308, 0.14103922220890402, 0.14427047038179663, 0.1260261695883185]}