{"baseline": [0.22952500000000034], "model": [0.18484812270973666], "XGBOOST": [0.1521503628887884], "model_full": [0.06752093817475362, 0.11762103892673555, 0.13509036397717336, 0.16943980122171773, 0.17249841290991466, 0.2054641843473618, 0.21023951073451355, 0.17433402461806588, 0.1800684354153791, 0.16069624064591329, 0.16696784237900686, 0.18729389575896224, 0.1782684052679235, 0.1698368572732767, 0.1603150506032098, 0.18552808036202312, 0.1966286722140638, 0.14801717213763513, 0.15316440829240616, 0.13541313686752968, 0.15392669350247135, 0.14847591755140946, 0.15127220726988083, 0.15085272612350534, 0.16536446194533025, 0.14744456812652385, 0.1714324314040235, 0.16600274313958327, 0.1510590149942316, 0.13879998392608506, 0.12530488038389317, 0.13515835324745512, 0.13915600637451875, 0.15263869895108317, 0.1437148732068131, 0.14648224790811012, 0.1330954437831299, 0.1495893904944111, 0.1616465320593041, 0.13803800249631687], "model_single": [0.06443214381945438, 0.11553127594423128, 0.14328393468505046, 0.1737083866248381, 0.18185336433298482, 0.21125053194300233, 0.19876480891138257, 0.1906997415631745, 0.18275286967079443, 0.17303430986103396, 0.1807660503561679, 0.19026061420559995, 0.18184043567494837, 0.18372531726732702, 0.17103341669318836, 0.18839727800906772, 0.19682940734885956, 0.16046700199232977, 0.15899068224860133, 0.15129069154650718, 0.17109740701660958, 0.16529104688343688, 0.16863705703180987, 0.16723809785524715, 0.17537878830489653, 0.1580167183317102, 0.17100516742913344, 0.17318053580529777, 0.16845622391337942, 0.16091150371429808, 0.13520734831301337, 0.15000190161262297, 0.14796828236216872, 0.15431615452061861, 0.14408747351389398, 0.1697289706399527, 0.14817629062569368, 0.15989554879125703, 0.15917846817366696, 0.15058773269855005]}