{"baseline": [0.049525000000000076, 0.05642499999999997, 0.04759999999999999, 0.05642499999999991, 0.06947499999999997, 0.07839999999999997, 0.057025000000000034, 0.09010000000000001, 0.06140000000000033, 0.09397500000000002, 0.12407500000000038, 0.13742499999999996, 0.1168750000000002, 0.1389999999999995, 0.13220000000000018, 0.13219999999999968, 0.12750000000000053, 0.1746, 0.22479999999999986, 0.2535750000000006, 0.2274249999999999, 0.17559999999999953, 0.10919999999999998, 0.07362500000000004, 0.06509999999999969, 0.1062250000000004, 0.04299999999999987, 0.044575000000000024, 0.06079999999999978, 0.04307499999999996, 0.0337999999999999, 0.019824999999999936, 0.01479999999999996, 0.014874999999999979, 0.006574999999999962, 0.01982499999999998, 0.019625000000000004, 0.04759999999999989, 0.04812499999999985, 0.03850000000000017], "model": [0.049107814075858416, 0.059471162256673135, 0.04961912199763095, 0.059601412289806234, 0.07432602437485163, 0.08436847610621737, 0.055746547328423934, 0.08684773410591015, 0.0598461899293595, 0.09048939064103508, 0.12057043203644238, 0.13065073419368428, 0.1098885434308288, 0.13231920482997594, 0.1253650195800256, 0.12040914013787064, 0.12429465833845636, 0.15578647093742556, 0.18840501872952822, 0.22306325060705426, 0.1847748929665342, 0.12501200369307708, 0.096293957621603, 0.06918547025206088, 0.05874222784603427, 0.1053706190083672, 0.04161258640051436, 0.0416489609268992, 0.05664422982633641, 0.040973429263681006, 0.03256790779173764, 0.01900211215848863, 0.014711304198382898, 0.014785625716707478, 0.005289215256894274, 0.01976205189558131, 0.019605011659051916, 0.04802382194009401, 0.04841760573846381, 0.03879002230752666], "XGBOOST": [0.02854389617877949, 0.019690068694411027, 0.02374165057021962, 0.03726080850119012, 0.03061150723255537, 0.049942102520631124, 0.05020508062938591, 0.034668184905281695, 0.037530462922625143, 0.03404782890264782, 0.05139812046505277, 0.04316318127978461, 0.05637136030188362, 0.07796601994704147, 0.046489343805538166, 0.0679539952797982, 0.05382329577062766, 0.09219306711905689, 0.07479858668675758, 0.15266980080247164, 0.11407774947274249, 0.09639233514459067, 0.0766835653524676, 0.07839309298794726, 0.0747408339707507, 0.08961238579619998, 0.06435972105997834, 0.06436411849878067, 0.06188481561145014, 0.06350513760653062, 0.06949599491323062, 0.05993937375523928, 0.056813552524181306, 0.04907086511309457, 0.03533043391200273, 0.06741548771348149, 0.02839129560295831, 0.06613481349495656, 0.0574309841374285, 0.08015337757446275], "model_single": [0.050054006412986, 0.0556910515609995, 0.04615036869975441, 0.055779358563058316, 0.06892263666743849, 0.07609224270223407, 0.05578761474823657, 0.08712046959208838, 0.05992445027744476, 0.0900576448710357, 0.11887721343615298, 0.1297063049416707, 0.11087061932178024, 0.13099176596010065, 0.12273886311670362, 0.12295793905866204, 0.12178549119978417, 0.1718462361638987, 0.1978876654238871, 0.22517320121446513, 0.15544984938188486, 0.14857969093592505, 0.093903863022412, 0.06970985356532255, 0.059568786545143686, 0.08731404918855373, 0.04227416835291051, 0.04186513337033054, 0.05905988364765036, 0.04112079195586386, 0.033386736910458924, 0.019064108900914565, 0.014818957647062782, 0.014856843983242371, 0.005842114419995798, 0.019837662431509046, 0.019492740108120823, 0.047402085594021745, 0.04776914793814416, 0.03891318551309285]}