{"baseline": [0.21404400000000032, 0.23082399999999959], "model_single": [0.17042371631523853, 0.17716940452267887, 0.17074628065975828, 0.18256093254396968, 0.16387126873894806, 0.17254148022082827, 0.19733184364641573, 0.16058648234860384, 0.16007474294747553, 0.17291214860660467, 0.18246297088329602, 0.17924235193866847, 0.16741725851675324, 0.18863427043987957, 0.16864398237562012, 0.1620691228803707, 0.20609973491157074, 0.1995694233011033, 0.18229213696166152, 0.17585054810793513, 0.16114270609863063, 0.1453153165724372, 0.178366581509191, 0.16706063727341122, 0.16106597090598396, 0.1644312236985557, 0.16765791436304273, 0.17757184684830576, 0.1526152394605775, 0.15261043997730156, 0.16163625492185293, 0.16021518429406867, 0.1995225467996291, 0.1559594119293834, 0.16855736842730615, 0.1542174438267712, 0.15023930461703788, 0.14403605702578948, 0.16036253247307844, 0.15901296741802234, 0.15928086084622298, 0.1537299050120521, 0.1483909398068587, 0.14053375419685693, 0.1412867026447445, 0.1365911500361881, 0.15061013092205044, 0.12693186799231704, 0.12469001949134852, 0.14439120791177737], "model_full": [0.165367359577211, 0.16398961217863442, 0.15773478717118478, 0.14120256592812613, 0.15054116242732649, 0.1616299686680837, 0.1563182985562609, 0.15117650412619943, 0.152746623241688, 0.16656859675808633, 0.17173925391383016, 0.14994034288110428, 0.15446321588905643, 0.17584759323557478, 0.15787246974562677, 0.1458277775121281, 0.17036025368410695, 0.1447394428435291, 0.16436269610711424, 0.1750652738633158, 0.15265247620754394, 0.13022705379226085, 0.16020722557936729, 0.15664585580306178, 0.14741099626598458, 0.1579176837629321, 0.15491067943289327, 0.1678467354892263, 0.1449158843272858, 0.14381196565180857, 0.15036180124312906, 0.14601882767786126, 0.17695354578920416, 0.15011791416154738, 0.14539574295103752, 0.1327521075481899, 0.13801787877734908, 0.13370237566682686, 0.13611487705217873, 0.13297090875907974, 0.1220465047863098, 0.12471525866727193, 0.13385973634915593, 0.1338075174178527, 0.13180212469356895, 0.13274976248482653, 0.13290608593619407, 0.11788251648827418, 0.11784030587675233, 0.13494393451287162], "model": [0.16192424123108623, 0.18712857413296635], "initial_success_prob": [0.365, 0.56, 0.553, 0.586, 0.612, 0.704, 0.575, 0.667, 0.593, 0.613, 0.588, 0.577, 0.632, 0.638, 0.573, 0.546, 0.638, 0.638, 0.694, 0.556, 0.609, 0.614, 0.644, 0.662, 0.646, 0.642, 0.68, 0.662, 0.625, 0.688, 0.725, 0.628, 0.731, 0.637, 0.624, 0.71, 0.704, 0.735, 0.683, 0.698, 0.758, 0.654, 0.698, 0.673, 0.682, 0.717, 0.716, 0.75, 0.702, 0.688], "XGBOOST": [0.1232357119486538, 0.10760553326992392]}