{"baseline": [0.06760000000000012, 0.16680000000000023, 0.16599999999999962, 0.1795999999999999, 0.23949999999999963, 0.24970000000000003, 0.25039999999999973, 0.25022499999999964, 0.25209999999999994, 0.24850000000000003, 0.2416, 0.2454999999999998, 0.22999999999999993, 0.23582499999999987, 0.233125, 0.2435000000000002, 0.24492500000000048, 0.23880000000000018, 0.23199999999999996, 0.23199999999999998, 0.2148000000000004, 0.21392500000000034, 0.20132499999999987, 0.2022250000000004, 0.2067999999999997, 0.19732499999999983, 0.22359999999999958, 0.19712500000000016, 0.20629999999999993, 0.19052500000000028, 0.2176250000000003, 0.20612499999999986, 0.19279999999999986, 0.1770999999999999, 0.18442499999999984, 0.15880000000000014], 
"model": [0.0762358253893469, 0.1631287095743926, 0.1713950518628025, 0.15837494480071754, 0.2170389197173788, 0.1904664850524655, 0.17201501978469683, 0.17017415197058217, 0.1963255263137935, 0.18559694434567242, 0.17711101433512036, 0.16350040955476103, 0.1732409337310976, 0.17216553587816222, 0.1853623901644494, 0.16815038470585708, 0.16864783233413416, 0.1623691748930118, 0.15906381876286468, 0.15375230759409275, 0.15921185259397028, 0.15486764842506523, 0.15058642350296803, 0.15382970882451028, 0.14292855706445246, 0.1464204174696404, 0.16528433500121303, 0.1514194746969146, 0.144253970969655, 0.138179922826789, 0.15912235205176803, 0.15673054147236262, 0.15355299140123552, 0.13469120882679844, 0.14027819389258453, 0.12091928585613555], 
"XGBOOST": [0.05428427713684833, 0.1108340442603211, 0.07790906136645262, 0.107374415936686, 0.10987720156321615, 0.1186468839886868, 0.12724773220059404, 0.14150729097724138, 0.1666873973134517, 0.12537210362469126, 0.10696362373322131, 0.13419444681663265, 0.10271203805533788, 0.0948359315645439, 0.08256433688480229, 0.08907923267712477, 0.10593384246079836, 0.12380101055840669, 0.08624310005338658, 0.09690337555095027, 0.08521237358515237, 0.11335924637307244, 0.0693408771197528, 0.07911500775353972, 0.31268479463484256, 0.3242060496078557, 0.2816113280874197, 0.31834645883805934, 0.28163681550443015, 0.32602936859455045, 0.29411514147534035, 0.3218342783961998, 0.29126244204377144, 0.30565194656216593, 0.32715535060020556, 0.06044354269478475]}