{"baseline": [0.06760000000000012, 0.16680000000000023, 0.16599999999999962, 0.1795999999999999, 0.23949999999999963, 0.24970000000000003, 0.25039999999999973, 0.25022499999999964, 0.25209999999999994, 0.24850000000000003, 0.2416, 0.2454999999999998, 0.22999999999999993, 0.23582499999999987, 0.233125, 0.2435000000000002, 0.24492500000000048, 0.23880000000000018, 0.23199999999999996, 0.23199999999999998, 0.2148000000000004, 0.21392500000000034, 0.20132499999999987, 0.2022250000000004, 0.2067999999999997, 0.19732499999999983, 0.22359999999999958, 0.19712500000000016, 0.20629999999999993, 0.19052500000000028, 0.2176250000000003, 0.20612499999999986, 0.19279999999999986, 0.1770999999999999, 0.18442499999999984, 0.15880000000000014], 
"model": [0.07455031317406967, 0.1567023957204013, 0.16222234457248536, 0.15258378714068208, 0.19964933169758406, 0.1919375793793682, 0.18530567772064852, 0.19289562624077675, 0.19212481768523085, 0.20091926512311323, 0.18243228474961057, 0.18399725427409333, 0.17468751859800769, 0.1816639649001578, 0.18725000110223433, 0.18048962350745548, 0.17839777708460974, 0.1744862252638934, 0.17098119286264565, 0.16773779143809375, 0.16403742797932666, 0.16206183328544976, 0.15432758365999452, 0.16006552420454567, 0.1546685630531576, 0.15357733135539461, 0.17182813039581737, 0.1565063349340595, 0.153003549969883, 0.14344136479162484, 0.16792841538741027, 0.16671964736083283, 0.15586398922090308, 0.14103922220890402, 0.14427047038179663, 0.1260261695883185]}